timestamp,direction,entry,exit,lot_size,result,profit,balance,session
2023-08-18 04:52:00,buy,145.473,145.45465,0.54,loss,-9.91,90.09,Asia
2023-08-18 04:53:00,buy,145.483,145.46455,0.49,loss,-9.04,81.05,Asia
2023-08-18 05:20:00,sell,145.354,145.37341,0.42,loss,-8.15,72.9,Asia
2023-08-18 05:22:00,sell,145.356,145.37695,0.35,loss,-7.33,65.57,Asia
2023-08-18 06:10:00,sell,145.315,145.23481,0.24,win,19.24,84.81,London
2023-08-18 06:16:00,sell,145.263,145.29424,0.27,loss,-8.43,76.38,London
2023-08-18 06:17:00,sell,145.266,145.29666,0.25,loss,-7.66,68.71,London
2023-08-18 07:01:00,buy,145.366,145.33387,0.21,loss,-6.75,61.96,London
2023-08-18 07:02:00,buy,145.366,145.33436,0.2,loss,-6.33,55.64,London
2023-08-18 07:24:00,sell,145.257,145.231,0.19,win,4.94,60.58,London
2023-08-18 07:25:00,sell,145.245,145.211,0.21,win,7.14,67.72,London
2023-08-18 07:26:00,sell,145.238,145.214,0.23,win,5.52,73.24,London
2023-08-18 07:29:00,sell,145.223,145.179,0.24,win,10.56,83.8,London
2023-08-18 07:30:00,sell,145.241,145.171,0.27,win,18.9,102.7,London
2023-08-18 07:31:00,sell,145.237,145.175,0.34,win,21.08,123.78,London
2023-08-18 08:07:00,buy,145.325,145.371,0.42,win,19.32,143.1,London
2023-08-18 08:08:00,buy,145.327,145.383,0.49,win,27.44,170.54,London
2023-08-18 08:09:00,buy,145.319,145.40097,0.61,win,50.0,220.54,London
2023-08-18 08:10:00,buy,145.338,145.4,0.78,win,48.36,268.9,London
2023-08-18 08:30:00,buy,145.455,145.53698,0.95,win,77.88,346.78,London
2023-08-18 08:31:00,buy,145.466,145.54647,1.25,win,100.59,447.37,London
2023-08-18 08:32:00,buy,145.471,145.55121,1.62,win,129.94,577.3,London
2023-08-18 08:34:00,buy,145.503,145.4729,1.92,loss,-57.79,519.52,London
2023-08-18 08:36:00,buy,145.491,145.58294,1.64,win,150.78,670.29,London
2023-08-18 08:40:00,buy,145.534,145.63163,2.0,win,195.27,865.56,London
2023-08-18 09:51:00,buy,145.554,145.52891,3.45,loss,-86.56,779.01,London
2023-08-18 09:52:00,buy,145.558,145.53407,3.26,loss,-78.0,701.01,London
2023-08-18 10:52:00,sell,145.446,145.46653,3.42,loss,-70.2,630.81,London
2023-08-18 10:53:00,sell,145.446,145.46561,3.22,loss,-63.15,567.66,London
2023-08-18 11:34:00,sell,145.389,145.31027,2.1,win,165.34,733.01,London
2023-08-18 11:35:00,sell,145.392,145.315,2.77,win,213.28,946.29,London
2023-08-18 11:36:00,sell,145.383,145.30579,3.57,win,275.64,1221.93,London
2023-08-18 11:37:00,sell,145.371,145.361,4.37,win,43.7,1265.63,London
2023-08-18 11:38:00,sell,145.363,145.356,4.53,win,31.71,1297.34,London
2023-08-18 11:42:00,sell,145.335,145.3614,4.91,loss,-129.64,1167.7,London
2023-08-18 11:43:00,sell,145.34,145.36593,4.5,loss,-116.69,1051.01,London
2023-08-18 12:14:00,buy,145.525,145.61036,3.58,win,305.57,1356.58,New York
2023-08-18 12:15:00,buy,145.538,145.6248,4.55,win,394.95,1751.53,New York
2023-08-18 12:21:00,buy,145.607,145.72695,4.25,win,509.77,2261.3,New York
2023-08-18 12:28:00,buy,145.736,145.69462,5.46,loss,-225.95,2035.35,New York
2023-08-18 12:29:00,buy,145.734,145.69274,4.93,loss,-203.39,1831.96,New York
2023-08-18 13:20:00,sell,145.42,145.46402,4.16,loss,-183.13,1648.83,New York
2023-08-18 13:21:00,sell,145.415,145.45776,3.86,loss,-165.06,1483.76,New York
2023-08-18 13:47:00,sell,145.377,145.338,3.23,win,125.97,1609.73,New York
2023-08-18 13:51:00,sell,145.31,145.35479,3.59,loss,-160.8,1448.93,New York
2023-08-18 13:52:00,sell,145.311,145.35463,3.32,loss,-144.87,1304.07,New York
2023-08-18 14:20:00,sell,145.299,145.20017,3.84,win,379.5,1683.56,New York
2023-08-18 14:21:00,sell,145.304,145.20903,5.16,win,490.04,2173.6,New York
2023-08-18 14:25:00,sell,145.271,145.18058,6.99,win,632.02,2805.62,New York
2023-08-18 14:28:00,sell,145.244,145.2805,7.69,loss,-280.72,2524.9,New York
2023-08-18 14:29:00,sell,145.235,145.27149,6.92,loss,-252.51,2272.39,New York
2023-08-18 14:55:00,sell,145.225,145.25759,6.97,loss,-227.15,2045.25,New York
2023-08-18 14:56:00,sell,145.191,145.22645,5.77,loss,-204.53,1840.72,New York
2023-08-18 15:50:00,sell,145.183,145.153,6.65,win,199.5,2040.22,New York
2023-08-18 15:51:00,sell,145.168,145.164,7.59,win,30.36,2070.58,New York
2023-08-18 15:53:00,sell,145.169,145.139,7.57,win,227.1,2297.68,New York
2023-08-18 15:54:00,sell,145.152,145.139,8.45,win,109.85,2407.53,New York
2023-08-18 15:55:00,sell,145.131,145.16026,8.23,loss,-240.8,2166.73,New York
2023-08-18 15:58:00,sell,145.149,145.139,7.68,win,76.8,2243.53,New York
2023-08-18 15:59:00,sell,145.149,145.121,8.15,win,228.2,2471.73,New York
2023-08-18 16:00:00,sell,145.152,145.122,9.32,win,279.6,2751.33,New York
2023-08-18 16:52:00,sell,145.17,145.09568,10.77,win,800.44,3551.78,New York
2023-08-18 16:53:00,sell,145.16,145.08482,13.74,win,1033.03,4584.81,New York
2023-08-18 16:54:00,sell,145.161,145.08913,18.56,win,1333.93,5918.74,New York
2023-08-18 16:55:00,sell,145.151,145.08175,24.86,win,1721.6,7640.34,New York
2023-08-18 17:03:00,sell,145.052,144.97311,28.17,win,2222.38,9862.72,New York
2023-08-18 17:04:00,sell,145.047,144.96894,36.76,win,2869.36,12732.07,New York
2023-08-18 17:05:00,sell,145.034,144.95809,48.79,win,3703.63,16435.71,New York
2023-08-18 17:08:00,sell,145.033,144.96171,67.07,win,4781.15,21216.86,New York
2023-08-18 17:09:00,sell,145.025,144.95492,88.07,win,6171.93,27388.79,New York
2023-08-18 18:08:00,buy,145.181,145.195,100.0,win,1400.0,28788.79,Overlap
2023-08-18 18:10:00,buy,145.185,145.193,100.0,win,800.0,29588.79,Overlap
2023-08-18 18:47:00,buy,145.244,145.29411,100.0,win,5011.43,34600.22,Overlap
2023-08-18 18:48:00,buy,145.244,145.29191,100.0,win,4790.62,39390.84,Overlap
2023-08-18 18:50:00,buy,145.248,145.30012,100.0,win,5211.5,44602.34,Overlap
2023-08-18 18:51:00,buy,145.244,145.29514,100.0,win,5113.54,49715.88,Overlap
2023-08-18 18:53:00,buy,145.247,145.30138,100.0,win,5437.69,55153.57,Overlap
2023-08-18 18:55:00,buy,145.25,145.30271,100.0,win,5271.48,60425.05,Overlap
2023-08-18 18:56:00,buy,145.253,145.30606,100.0,win,5306.37,65731.42,Overlap
2023-08-18 19:02:00,buy,145.29,145.321,100.0,win,3100.0,68831.42,Overlap
2023-08-18 19:03:00,buy,145.303,145.31,100.0,win,700.0,69531.42,Overlap
2023-08-18 19:06:00,buy,145.32,145.30066,100.0,loss,-1933.89,67597.53,Overlap
2023-08-18 19:07:00,buy,145.321,145.30249,100.0,loss,-1850.76,65746.77,Overlap
2023-08-18 19:38:00,buy,145.371,145.35068,100.0,loss,-2032.06,63714.71,Overlap
2023-08-18 19:39:00,buy,145.374,145.35482,100.0,loss,-1918.34,61796.38,Overlap
2023-08-18 20:36:00,buy,145.354,145.39349,100.0,win,3949.42,65745.8,Overlap
2023-08-18 20:37:00,buy,145.351,145.38996,100.0,win,3895.89,69641.69,Overlap
2023-08-18 20:38:00,buy,145.355,145.36,100.0,win,500.0,70141.69,Overlap
2023-08-18 20:40:00,buy,145.358,145.369,100.0,win,1100.0,71241.69,Overlap
2023-08-18 20:41:00,buy,145.362,145.381,100.0,win,1900.0,73141.69,Overlap
2023-08-18 20:42:00,buy,145.363,145.378,100.0,win,1500.0,74641.69,Overlap
2023-08-18 20:47:00,buy,145.382,145.36914,100.0,loss,-1286.0,73355.69,Overlap
2023-08-18 20:48:00,buy,145.378,145.36519,100.0,loss,-1280.57,72075.12,Overlap
2023-08-20 21:54:00,buy,145.397,145.42844,100.0,win,3143.69,75218.81,Overlap
2023-08-20 21:55:00,buy,145.412,145.44462,100.0,win,3262.0,78480.81,Overlap
2023-08-20 21:56:00,buy,145.391,145.3721,100.0,loss,-1889.79,76591.02,Overlap
2023-08-20 21:59:00,buy,145.387,145.36823,100.0,loss,-1876.63,74714.4,Overlap
2023-08-20 22:15:00,sell,145.332,145.295,100.0,win,3700.0,78414.4,Overlap
2023-08-20 22:18:00,sell,145.337,145.299,100.0,win,3800.0,82214.4,Overlap
2023-08-20 22:26:00,sell,145.304,145.281,100.0,win,2300.0,84514.4,Overlap
2023-08-20 23:23:00,sell,145.309,145.302,100.0,win,700.0,85214.4,Overlap
2023-08-20 23:42:00,buy,145.336,145.32415,100.0,loss,-1184.89,84029.51,Overlap
2023-08-21 00:11:00,sell,145.214,145.23361,100.0,loss,-1960.53,82068.98,Asia
2023-08-21 00:52:00,sell,145.216,145.23852,100.0,loss,-2252.24,79816.74,Asia
2023-08-21 00:56:00,sell,145.215,145.2412,100.0,loss,-2620.45,77196.28,Asia
2023-08-21 01:14:00,sell,145.237,145.15111,100.0,win,8589.27,85785.55,Asia
2023-08-21 01:16:00,sell,145.216,145.236,100.0,loss,-2000.0,83785.55,Asia
2023-08-21 01:18:00,sell,145.18,145.21767,100.0,loss,-3766.63,80018.92,Asia
2023-08-21 01:34:00,buy,145.283,145.35855,100.0,win,7555.16,87574.07,Asia
2023-08-21 01:42:00,buy,145.411,145.38091,100.0,loss,-3008.89,84565.19,Asia
2023-08-21 01:43:00,buy,145.4,145.48768,100.0,win,8767.9,93333.09,Asia
2023-08-21 01:52:00,buy,145.498,145.52,100.0,win,2200.0,95533.09,Asia
2023-08-21 02:18:00,buy,145.589,145.56037,100.0,loss,-2863.31,92669.78,Asia
2023-08-21 02:52:00,sell,145.331,145.35643,100.0,loss,-2543.12,90126.66,Asia
2023-08-21 03:38:00,buy,145.441,145.42131,100.0,loss,-1968.58,88158.08,Asia
2023-08-21 03:39:00,buy,145.451,145.43162,100.0,loss,-1937.96,86220.12,Asia
2023-08-21 04:18:00,sell,145.347,145.36509,100.0,loss,-1809.02,84411.1,Asia
2023-08-21 04:19:00,sell,145.345,145.36227,100.0,loss,-1726.94,82684.16,Asia
2023-08-21 04:55:00,sell,145.365,145.3817,100.0,loss,-1670.08,81014.07,Asia
2023-08-21 04:56:00,sell,145.371,145.362,100.0,win,900.0,81914.07,Asia
2023-08-21 04:57:00,sell,145.369,145.38466,100.0,loss,-1566.3,80347.77,Asia
2023-08-21 05:52:00,buy,145.424,145.40856,100.0,loss,-1543.84,78803.93,Asia
2023-08-21 06:19:00,buy,145.435,145.41808,100.0,loss,-1691.83,77112.1,London
2023-08-21 06:20:00,buy,145.433,145.41674,100.0,loss,-1625.99,75486.11,London
2023-08-21 06:41:00,buy,145.456,145.49919,100.0,win,4318.71,79804.82,London
2023-08-21 06:45:00,buy,145.476,145.52098,100.0,win,4498.01,84302.83,London
2023-08-21 06:53:00,buy,145.527,145.51158,100.0,loss,-1542.27,82760.56,London
2023-08-21 07:11:00,buy,145.435,145.41248,100.0,loss,-2252.44,80508.12,London
2023-08-21 07:52:00,buy,145.454,145.465,100.0,win,1100.0,81608.12,London
2023-08-21 07:53:00,buy,145.454,145.465,100.0,win,1100.0,82708.12,London
2023-08-21 07:54:00,buy,145.454,145.479,100.0,win,2500.0,85208.12,London
2023-08-21 08:13:00,buy,145.509,145.58195,100.0,win,7295.49,92503.61,London
2023-08-21 08:20:00,buy,145.583,145.598,100.0,win,1500.0,94003.61,London
2023-08-21 08:23:00,buy,145.591,145.577,100.0,loss,-1400.0,92603.61,London
2023-08-21 08:28:00,buy,145.623,145.59608,100.0,loss,-2691.6,89912.01,London
2023-08-21 08:55:00,buy,145.667,145.674,100.0,win,700.0,90612.01,London
2023-08-21 08:56:00,buy,145.668,145.722,100.0,win,5400.0,96012.01,London
2023-08-21 08:57:00,buy,145.672,145.714,100.0,win,4200.0,100212.01,London
2023-08-21 08:58:00,buy,145.683,145.65989,100.0,loss,-2310.74,97901.27,London
2023-08-21 08:59:00,buy,145.674,145.723,100.0,win,4900.0,102801.27,London
2023-08-21 09:00:00,buy,145.676,145.7,100.0,win,2400.0,105201.27,London
2023-08-21 09:04:00,buy,145.678,145.686,100.0,win,800.0,106001.27,London
2023-08-21 09:30:00,buy,145.706,145.76445,100.0,win,5844.96,111846.22,London
2023-08-21 09:31:00,buy,145.712,145.76925,100.0,win,5724.6,117570.82,London
2023-08-21 09:33:00,buy,145.741,145.71957,100.0,loss,-2143.49,115427.34,London
2023-08-21 09:35:00,buy,145.737,145.763,100.0,win,2600.0,118027.34,London
2023-08-21 09:36:00,buy,145.75,145.759,100.0,win,900.0,118927.34,London
2023-08-21 09:37:00,buy,145.739,145.728,100.0,loss,-1100.0,117827.34,London
2023-08-21 09:39:00,buy,145.752,145.72887,100.0,loss,-2312.59,115514.75,London
2023-08-21 10:04:00,buy,145.812,145.855,100.0,win,4300.0,119814.75,London
2023-08-21 10:05:00,buy,145.817,145.861,100.0,win,4400.0,124214.75,London
2023-08-21 10:06:00,buy,145.814,145.855,100.0,win,4100.0,128314.75,London
2023-08-21 10:07:00,buy,145.814,145.864,100.0,win,5000.0,133314.75,London
2023-08-21 10:13:00,buy,145.841,145.888,100.0,win,4700.0,138014.75,London
2023-08-21 10:14:00,buy,145.84,145.90159,100.0,win,6159.33,144174.08,London
2023-08-21 10:32:00,buy,145.942,145.92168,100.0,loss,-2032.3,142141.77,London
2023-08-21 10:33:00,buy,145.923,145.926,100.0,win,300.0,142441.77,London
2023-08-21 10:34:00,buy,145.94,145.91908,100.0,loss,-2091.88,140349.89,London
2023-08-21 10:35:00,buy,145.942,145.92179,100.0,loss,-2021.04,138328.85,London
2023-08-21 11:18:00,buy,145.87,145.85127,100.0,loss,-1872.51,136456.35,London
2023-08-21 11:45:00,sell,145.779,145.80018,100.0,loss,-2118.1,134338.25,London
2023-08-21 12:09:00,buy,145.907,145.88071,100.0,loss,-2629.13,131709.12,New York
2023-08-21 12:10:00,buy,145.897,145.87094,100.0,loss,-2606.33,129102.78,New York
2023-08-21 12:31:00,buy,146.056,146.15162,100.0,win,9562.05,138664.84,New York
2023-08-21 12:33:00,buy,146.102,146.06256,100.0,loss,-3944.26,134720.57,New York
2023-08-21 12:34:00,buy,146.079,146.04002,100.0,loss,-3898.24,130822.33,New York
2023-08-21 13:06:00,buy,146.096,146.147,100.0,win,5100.0,135922.33,New York
2023-08-21 13:11:00,buy,146.153,146.11124,100.0,loss,-4176.23,131746.1,New York
2023-08-21 13:13:00,buy,146.161,146.12156,100.0,loss,-3943.84,127802.26,New York
2023-08-21 13:52:00,buy,146.17,146.13655,100.0,loss,-3345.16,124457.1,New York
2023-08-21 13:53:00,buy,146.172,146.14007,100.0,loss,-3192.65,121264.45,New York
2023-08-21 14:09:00,buy,146.207,146.26,100.0,win,5300.0,126564.45,New York
2023-08-21 14:12:00,buy,146.221,146.239,100.0,win,1800.0,128364.45,New York
2023-08-21 14:14:00,buy,146.24,146.233,100.0,loss,-700.0,127664.45,New York
2023-08-21 14:17:00,buy,146.257,146.2286,100.0,loss,-2839.85,124824.6,New York
2023-08-21 14:46:00,buy,146.249,146.283,100.0,win,3400.0,128224.6,New York
2023-08-21 14:49:00,buy,146.257,146.31,100.0,win,5300.0,133524.6,New York
2023-08-21 14:50:00,buy,146.27,146.308,100.0,win,3800.0,137324.6,New York
2023-08-21 14:51:00,buy,146.272,146.293,100.0,win,2100.0,139424.6,New York
2023-08-21 14:56:00,buy,146.295,146.27031,100.0,loss,-2468.85,136955.75,New York
2023-08-21 14:57:00,buy,146.293,146.26732,100.0,loss,-2567.5,134388.25,New York
2023-08-21 15:15:00,buy,146.342,146.31086,100.0,loss,-3114.28,131273.97,New York
2023-08-21 15:16:00,buy,146.342,146.31167,100.0,loss,-3033.26,128240.71,New York
2023-08-21 16:20:00,sell,146.191,146.20918,100.0,loss,-1817.98,126422.73,New York
2023-08-21 16:21:00,sell,146.195,146.21227,100.0,loss,-1727.41,124695.32,New York
2023-08-21 17:07:00,sell,146.162,146.121,100.0,win,4100.0,128795.32,New York
2023-08-21 17:08:00,sell,146.161,146.1065,100.0,win,5449.81,134245.12,New York
2023-08-21 17:14:00,sell,146.13,146.14653,100.0,loss,-1653.25,132591.87,New York
2023-08-21 17:16:00,sell,146.13,146.096,100.0,win,3400.0,135991.87,New York
2023-08-21 18:22:00,sell,146.121,146.13432,100.0,loss,-1332.25,134659.62,Overlap
2023-08-21 18:25:00,sell,146.13,146.14312,100.0,loss,-1311.61,133348.0,Overlap
2023-08-21 18:55:00,sell,146.119,146.07985,100.0,win,3914.67,137262.68,Overlap
2023-08-21 18:56:00,sell,146.12,146.08091,100.0,win,3909.34,141172.02,Overlap
2023-08-21 18:59:00,sell,146.104,146.11909,100.0,loss,-1508.97,139663.04,Overlap
2023-08-21 19:04:00,sell,146.078,146.09314,100.0,loss,-1513.74,138149.3,Overlap
2023-08-21 19:21:00,buy,146.155,146.19381,100.0,win,3880.67,142029.98,Overlap
2023-08-21 19:24:00,buy,146.163,146.20083,100.0,win,3782.77,145812.75,Overlap
2023-08-21 19:37:00,buy,146.239,146.27863,100.0,win,3962.6,149775.34,Overlap
2023-08-21 19:40:00,buy,146.25,146.23644,100.0,loss,-1356.39,148418.96,Overlap
2023-08-21 19:44:00,buy,146.256,146.24046,100.0,loss,-1554.41,146864.55,Overlap
2023-08-21 20:55:00,buy,146.233,146.22248,100.0,loss,-1051.92,145812.63,Overlap
2023-08-21 20:56:00,buy,146.23,146.2196,100.0,loss,-1039.64,144772.98,Overlap
2023-08-21 21:39:00,sell,146.186,146.19957,100.0,loss,-1357.45,143415.53,Overlap
2023-08-21 22:07:00,sell,146.186,146.19538,100.0,loss,-937.85,142477.67,Overlap
2023-08-21 23:09:00,buy,146.21,146.205,100.0,loss,-500.0,141977.67,Overlap
2023-08-21 23:10:00,buy,146.219,146.20661,100.0,loss,-1238.53,140739.15,Overlap
2023-08-21 23:42:00,sell,146.187,146.19779,100.0,loss,-1079.27,139659.88,Overlap
2023-08-21 23:43:00,sell,146.189,146.19965,100.0,loss,-1065.04,138594.84,Overlap
2023-08-22 00:02:00,buy,146.271,146.31859,100.0,win,4758.99,143353.83,Asia
2023-08-22 00:08:00,buy,146.352,146.336,100.0,loss,-1600.0,141753.83,Asia
2023-08-22 00:09:00,buy,146.347,146.334,100.0,loss,-1300.0,140453.83,Asia
2023-08-22 00:58:00,sell,146.209,146.1438,100.0,win,6520.17,146974.0,Asia
2023-08-22 00:59:00,sell,146.211,146.1484,100.0,win,6260.16,153234.16,Asia
2023-08-22 01:04:00,sell,146.121,146.14811,100.0,loss,-2711.4,150522.76,Asia
2023-08-22 01:05:00,sell,146.124,146.15043,100.0,loss,-2643.44,147879.32,Asia
2023-08-22 01:28:00,sell,146.08,146.10711,100.0,loss,-2710.56,145168.76,Asia
2023-08-22 01:29:00,sell,146.08,146.10619,100.0,loss,-2619.09,142549.68,Asia
2023-08-22 02:10:00,sell,146.07,146.00908,100.0,win,6092.19,148641.87,Asia
2023-08-22 02:15:00,sell,146.059,146.00526,100.0,win,5374.34,154016.21,Asia
2023-08-22 02:24:00,sell,146.017,146.03578,100.0,loss,-1877.7,152138.51,Asia
2023-08-22 02:25:00,sell,146.008,146.02638,100.0,loss,-1837.86,150300.65,Asia
2023-08-22 03:12:00,sell,145.921,145.913,100.0,win,800.0,151100.65,Asia
2023-08-22 03:13:00,sell,145.917,145.896,100.0,win,2100.0,153200.65,Asia
2023-08-22 03:15:00,sell,145.882,145.91222,100.0,loss,-3022.06,150178.59,Asia
2023-08-22 03:16:00,sell,145.873,145.90295,100.0,loss,-2994.77,147183.82,Asia
2023-08-22 04:34:00,buy,146.048,146.03248,100.0,loss,-1552.37,145631.45,Asia
2023-08-22 04:35:00,buy,146.044,146.02919,100.0,loss,-1480.77,144150.68,Asia
2023-08-22 05:07:00,sell,145.982,145.93357,100.0,win,4843.2,148993.87,Asia
2023-08-22 05:08:00,sell,145.976,145.92851,100.0,win,4748.68,153742.56,Asia
2023-08-22 05:09:00,sell,145.973,145.9891,100.0,loss,-1610.05,152132.51,Asia
2023-08-22 05:10:00,sell,145.974,145.99052,100.0,loss,-1652.19,150480.32,Asia
2023-08-22 05:45:00,buy,146.001,145.98612,100.0,loss,-1488.14,148992.19,Asia
2023-08-22 05:48:00,buy,146.017,146.00098,100.0,loss,-1601.54,147390.65,Asia
2023-08-22 06:03:00,buy,146.085,146.06196,100.0,loss,-2304.46,145086.19,London
2023-08-22 06:14:00,sell,145.95,145.97909,100.0,loss,-2909.29,142176.89,London
2023-08-22 07:06:00,sell,145.864,145.832,100.0,win,3200.0,145376.89,London
2023-08-22 07:07:00,sell,145.85,145.812,100.0,win,3800.0,149176.89,London
2023-08-22 07:08:00,sell,145.854,145.822,100.0,win,3200.0,152376.89,London
2023-08-22 07:10:00,sell,145.833,145.86077,100.0,loss,-2777.38,149599.51,London
2023-08-22 07:16:00,sell,145.836,145.7629,100.0,win,7310.17,156909.68,London
2023-08-22 07:40:00,sell,145.775,145.79859,100.0,loss,-2359.07,154550.62,London
2023-08-22 07:42:00,sell,145.789,145.781,100.0,win,800.0,155350.62,London
2023-08-22 07:50:00,sell,145.763,145.78672,100.0,loss,-2371.75,152978.86,London
2023-08-22 07:51:00,sell,145.767,145.79075,100.0,loss,-2375.2,150603.66,London
2023-08-22 08:07:00,sell,145.706,145.73092,100.0,loss,-2492.43,148111.23,London
2023-08-22 08:08:00,sell,145.702,145.72624,100.0,loss,-2424.4,145686.84,London
2023-08-22 08:42:00,sell,145.617,145.6415,100.0,loss,-2450.38,143236.46,London
2023-08-22 08:43:00,sell,145.622,145.64562,100.0,loss,-2361.78,140874.68,London
2023-08-22 09:49:00,sell,145.577,145.569,100.0,win,800.0,141674.68,London
2023-08-22 09:55:00,sell,145.536,145.56037,100.0,loss,-2437.45,139237.23,London
2023-08-22 09:57:00,sell,145.533,145.55658,100.0,loss,-2357.6,136879.63,London
2023-08-22 10:21:00,sell,145.542,145.56638,100.0,loss,-2437.54,134442.1,London
2023-08-22 10:33:00,sell,145.595,145.62151,100.0,loss,-2650.55,131791.55,London
2023-08-22 10:49:00,buy,145.672,145.718,100.0,win,4600.0,136391.55,London
2023-08-22 10:50:00,buy,145.665,145.717,100.0,win,5200.0,141591.55,London
2023-08-22 10:51:00,buy,145.671,145.693,100.0,win,2200.0,143791.55,London
2023-08-22 10:53:00,buy,145.702,145.67603,100.0,loss,-2596.83,141194.71,London
2023-08-22 10:54:00,buy,145.685,145.713,100.0,win,2800.0,143994.71,London
2023-08-22 10:56:00,buy,145.694,145.739,100.0,win,4500.0,148494.71,London
2023-08-22 10:57:00,buy,145.689,145.76003,100.0,win,7103.46,155598.17,London
2023-08-22 10:58:00,buy,145.696,145.747,100.0,win,5100.0,160698.17,London
2023-08-22 11:16:00,buy,145.766,145.772,100.0,win,600.0,161298.17,London
2023-08-22 11:19:00,buy,145.79,145.76697,100.0,loss,-2303.08,158995.09,London
2023-08-22 11:20:00,buy,145.791,145.76906,100.0,loss,-2193.57,156801.52,London
2023-08-22 11:53:00,buy,145.773,145.75011,100.0,loss,-2289.05,154512.47,London
2023-08-22 11:55:00,buy,145.769,145.74621,100.0,loss,-2279.03,152233.44,London
2023-08-22 12:30:00,buy,145.801,145.9004,100.0,win,9940.04,162173.47,New York
2023-08-22 12:31:00,buy,145.81,145.91213,100.0,win,10212.89,172386.37,New York
2023-08-22 12:37:00,buy,145.917,145.963,100.0,win,4600.0,176986.37,New York
2023-08-22 12:38:00,buy,145.929,145.968,100.0,win,3900.0,180886.37,New York
2023-08-22 12:41:00,buy,145.933,145.983,100.0,win,5000.0,185886.37,New York
2023-08-22 12:44:00,buy,145.966,145.943,100.0,loss,-2300.0,183586.37,New York
2023-08-22 12:45:00,buy,145.967,145.93235,100.0,loss,-3464.67,180121.69,New York
2023-08-22 13:17:00,buy,145.977,145.982,100.0,win,500.0,180621.69,New York
2023-08-22 13:19:00,buy,145.995,145.9608,100.0,loss,-3419.58,177202.11,New York
2023-08-22 13:20:00,buy,145.988,145.95318,100.0,loss,-3481.75,173720.36,New York
2023-08-22 13:39:00,buy,146.033,146.074,100.0,win,4100.0,177820.36,New York
2023-08-22 13:40:00,buy,146.041,146.073,100.0,win,3200.0,181020.36,New York
2023-08-22 13:42:00,buy,146.052,146.113,100.0,win,6100.0,187120.36,New York
2023-08-22 13:43:00,buy,146.048,146.093,100.0,win,4500.0,191620.36,New York
2023-08-22 13:44:00,buy,146.089,146.05014,100.0,loss,-3885.81,187734.54,New York
2023-08-22 13:46:00,buy,146.101,146.06119,100.0,loss,-3980.78,183753.76,New York
2023-08-22 14:32:00,buy,146.009,145.97199,100.0,loss,-3700.69,180053.07,New York
2023-08-22 14:34:00,buy,145.998,145.95958,100.0,loss,-3841.92,176211.15,New York
2023-08-22 14:51:00,sell,145.849,145.8885,100.0,loss,-3949.78,172261.37,New York
2023-08-22 14:53:00,sell,145.843,145.88076,100.0,loss,-3776.09,168485.29,New York
2023-08-22 15:50:00,sell,145.725,145.745,100.0,loss,-2000.1,166485.19,New York
2023-08-22 17:09:00,sell,145.773,145.78493,100.0,loss,-1192.76,165292.42,New York
2023-08-22 18:22:00,buy,145.813,145.84253,100.0,win,2952.96,168245.38,Overlap
2023-08-22 18:23:00,buy,145.815,145.84493,100.0,win,2993.46,171238.85,Overlap
2023-08-22 18:29:00,buy,145.86,145.84663,100.0,loss,-1336.73,169902.12,Overlap
2023-08-22 18:30:00,buy,145.845,145.83086,100.0,loss,-1414.11,168488.01,Overlap
2023-08-22 19:03:00,buy,145.865,145.885,100.0,win,2000.0,170488.01,Overlap
2023-08-22 19:04:00,buy,145.878,145.87,100.0,loss,-800.0,169688.01,Overlap
2023-08-22 19:05:00,buy,145.881,145.87,100.0,loss,-1100.0,168588.01,Overlap
2023-08-22 19:37:00,buy,145.894,145.88257,100.0,loss,-1143.29,167444.72,Overlap
2023-08-22 20:11:00,buy,145.916,145.90844,100.0,loss,-756.39,166688.33,Overlap
2023-08-22 21:10:00,sell,145.821,145.817,100.0,win,400.0,167088.33,Overlap
2023-08-22 21:11:00,sell,145.818,145.817,100.0,win,100.0,167188.33,Overlap
2023-08-22 21:12:00,sell,145.823,145.816,100.0,win,700.0,167888.33,Overlap
2023-08-22 21:14:00,sell,145.813,145.817,100.0,loss,-400.0,167488.33,Overlap
2023-08-22 21:16:00,sell,145.811,145.83554,100.0,loss,-2453.95,165034.37,Overlap
2023-08-22 21:41:00,sell,145.829,145.84721,100.0,loss,-1820.53,163213.84,Overlap
2023-08-22 22:04:00,buy,145.866,145.85536,100.0,loss,-1063.93,162149.91,Overlap
2023-08-22 22:20:00,sell,145.803,145.77356,100.0,win,2943.75,165093.65,Overlap
2023-08-22 22:23:00,sell,145.793,145.80342,100.0,loss,-1041.94,164051.71,Overlap
2023-08-22 22:25:00,sell,145.792,145.80266,100.0,loss,-1065.65,162986.06,Overlap
2023-08-22 22:44:00,sell,145.815,145.78921,100.0,win,2578.68,165564.74,Overlap
2023-08-22 23:17:00,sell,145.787,145.79397,100.0,loss,-696.96,164867.78,Overlap
2023-08-22 23:51:00,sell,145.741,145.72087,100.0,win,2013.35,166881.13,Overlap
2023-08-22 23:52:00,sell,145.736,145.74431,100.0,loss,-831.23,166049.9,Overlap
2023-08-22 23:53:00,sell,145.733,145.7419,100.0,loss,-889.71,165160.2,Overlap
2023-08-23 00:08:00,sell,145.716,145.73622,100.0,loss,-2021.94,163138.26,Asia
2023-08-23 00:10:00,sell,145.702,145.72253,100.0,loss,-2053.2,161085.06,Asia
2023-08-23 00:58:00,sell,145.674,145.61237,100.0,win,6163.49,167248.55,Asia
2023-08-23 01:03:00,sell,145.615,145.63956,100.0,loss,-2456.33,164792.22,Asia
2023-08-23 01:04:00,sell,145.615,145.63891,100.0,loss,-2390.88,162401.34,Asia
2023-08-23 01:30:00,sell,145.593,145.61528,100.0,loss,-2227.79,160173.55,Asia
2023-08-23 01:31:00,sell,145.582,145.60379,100.0,loss,-2178.66,157994.89,Asia
2023-08-23 01:46:00,sell,145.624,145.588,100.0,win,3600.0,161594.89,Asia
2023-08-23 01:47:00,sell,145.612,145.599,100.0,win,1300.0,162894.89,Asia
2023-08-23 01:48:00,sell,145.616,145.607,100.0,win,900.0,163794.89,Asia
2023-08-23 02:29:00,buy,145.687,145.67094,100.0,loss,-1606.07,162188.82,Asia
2023-08-23 02:59:00,buy,145.679,145.66504,100.0,loss,-1396.46,160792.36,Asia
2023-08-23 03:27:00,buy,145.707,145.69635,100.0,loss,-1064.81,159727.55,Asia
2023-08-23 03:40:00,sell,145.627,145.64333,100.0,loss,-1632.8,158094.74,Asia
2023-08-23 04:05:00,buy,145.684,145.67166,100.0,loss,-1234.47,156860.27,Asia
2023-08-23 04:06:00,buy,145.674,145.70986,100.0,win,3586.11,160446.38,Asia
2023-08-23 04:27:00,buy,145.727,145.71582,100.0,loss,-1118.38,159328.0,Asia
2023-08-23 04:28:00,buy,145.724,145.71252,100.0,loss,-1148.49,158179.5,Asia
2023-08-23 04:54:00,sell,145.657,145.67076,100.0,loss,-1376.11,156803.4,Asia
2023-08-23 04:55:00,sell,145.658,145.631,100.0,win,2700.0,159503.4,Asia
2023-08-23 04:57:00,sell,145.65,145.66424,100.0,loss,-1424.05,158079.34,Asia
2023-08-23 05:03:00,sell,145.649,145.66555,100.0,loss,-1654.59,156424.75,Asia
2023-08-23 05:32:00,sell,145.599,145.61436,100.0,loss,-1535.9,154888.85,Asia
2023-08-23 05:33:00,sell,145.607,145.62228,100.0,loss,-1528.34,153360.51,Asia
2023-08-23 05:55:00,buy,145.67,145.64807,100.0,loss,-2192.75,151167.77,Asia
2023-08-23 05:56:00,buy,145.668,145.64599,100.0,loss,-2201.12,148966.64,Asia
2023-08-23 06:30:00,sell,145.567,145.58891,100.0,loss,-2191.21,146775.44,London
2023-08-23 06:43:00,buy,145.673,145.65036,100.0,loss,-2264.39,144511.05,London
2023-08-23 07:07:00,buy,145.693,145.723,100.0,win,3000.0,147511.05,London
2023-08-23 07:08:00,buy,145.696,145.7,100.0,win,400.0,147911.05,London
2023-08-23 07:12:00,buy,145.714,145.68679,100.0,loss,-2721.17,145189.88,London
2023-08-23 07:14:00,buy,145.719,145.69156,100.0,loss,-2744.22,142445.65,London
2023-08-23 07:35:00,sell,145.531,145.471,100.0,win,6000.0,148445.65,London
2023-08-23 07:38:00,sell,145.46,145.51082,100.0,loss,-5081.5,143364.15,London
2023-08-23 07:39:00,sell,145.464,145.51394,100.0,loss,-4993.54,138370.61,London
2023-08-23 08:31:00,sell,145.373,145.27562,100.0,win,9737.52,148108.13,London
2023-08-23 08:32:00,sell,145.359,145.289,100.0,win,7000.0,155108.13,London
2023-08-23 08:37:00,sell,145.31,145.34843,100.0,loss,-3842.6,151265.53,London
2023-08-23 08:38:00,sell,145.313,145.35222,100.0,loss,-3921.7,147343.84,London
2023-08-23 08:59:00,sell,145.362,145.313,100.0,win,4900.0,152243.84,London
2023-08-23 09:02:00,sell,145.321,145.357,100.0,loss,-3599.66,148644.18,London
2023-08-23 09:03:00,sell,145.303,145.33808,100.0,loss,-3507.54,145136.64,London
2023-08-23 10:13:00,buy,145.526,145.50021,100.0,loss,-2579.19,142557.45,London
2023-08-23 10:56:00,sell,145.398,145.42065,100.0,loss,-2265.46,140291.99,London
2023-08-23 11:34:00,sell,145.321,145.285,100.0,win,3600.0,143891.99,London
2023-08-23 11:36:00,sell,145.307,145.33448,100.0,loss,-2747.7,141144.3,London
2023-08-23 11:37:00,sell,145.317,145.34385,100.0,loss,-2685.0,138459.29,London
2023-08-23 11:57:00,sell,145.359,145.38501,100.0,loss,-2600.88,135858.41,London
2023-08-23 12:04:00,buy,145.465,145.54945,100.0,win,8444.77,144303.18,New York
2023-08-23 12:10:00,buy,145.528,145.49724,100.0,loss,-3076.29,141226.89,New York
2023-08-23 12:11:00,buy,145.525,145.49518,100.0,loss,-2982.27,138244.62,New York
2023-08-23 12:30:00,sell,145.372,145.40641,100.0,loss,-3441.31,134803.31,New York
2023-08-23 12:40:00,buy,145.546,145.5068,100.0,loss,-3920.36,130882.96,New York
2023-08-23 13:07:00,sell,145.37,145.294,100.0,win,7600.0,138482.96,New York
2023-08-23 13:11:00,sell,145.31,145.202,100.0,win,10800.0,149282.96,New York
2023-08-23 13:13:00,sell,145.309,145.1784,100.0,win,13060.27,162343.23,New York
2023-08-23 13:14:00,sell,145.295,145.33999,100.0,loss,-4498.79,157844.44,New York
2023-08-23 13:16:00,sell,145.306,145.17983,100.0,win,12616.79,170461.22,New York
2023-08-23 13:32:00,sell,145.129,145.17847,100.0,loss,-4946.69,165514.54,New York
2023-08-23 13:33:00,sell,145.11,145.16025,100.0,loss,-5025.49,160489.04,New York
2023-08-23 13:49:00,sell,144.846,144.848,100.0,loss,-200.0,160289.04,New York
2023-08-23 13:50:00,sell,144.841,144.92077,100.0,loss,-7976.64,152312.4,New York
2023-08-23 14:23:00,sell,144.754,144.82208,100.0,loss,-6807.96,145504.44,New York
2023-08-23 14:24:00,sell,144.782,144.738,100.0,win,4400.0,149904.44,New York
2023-08-23 14:25:00,sell,144.749,144.81371,100.0,loss,-6471.2,143433.24,New York
2023-08-23 14:26:00,sell,144.74,144.8037,100.0,loss,-6370.4,137062.83,New York
2023-08-23 15:19:00,sell,144.642,144.68411,100.0,loss,-4211.33,132851.51,New York
2023-08-23 15:20:00,sell,144.636,144.67715,100.0,loss,-4114.8,128736.7,New York
2023-08-23 15:42:00,sell,144.633,144.627,100.0,win,600.0,129336.7,New York
2023-08-23 16:39:00,sell,144.635,144.6562,100.0,loss,-2119.75,127216.95,New York
2023-08-23 16:40:00,sell,144.635,144.65751,100.0,loss,-2251.2,124965.75,New York
2023-08-23 17:23:00,sell,144.569,144.59492,100.0,loss,-2591.53,122374.22,New York
2023-08-23 17:24:00,sell,144.57,144.59571,100.0,loss,-2571.42,119802.8,New York
2023-08-23 17:40:00,buy,144.678,144.65661,100.0,loss,-2139.14,117663.66,New York
2023-08-23 18:23:00,buy,144.791,144.796,100.0,win,500.0,118163.66,Overlap
2023-08-23 18:26:00,buy,144.803,144.78877,100.0,loss,-1423.43,116740.23,Overlap
2023-08-23 18:27:00,buy,144.8,144.78576,100.0,loss,-1423.9,115316.33,Overlap
2023-08-23 18:46:00,buy,144.828,144.88487,100.0,win,5686.95,121003.29,Overlap
2023-08-23 18:48:00,buy,144.846,144.82528,100.0,loss,-2071.72,118931.57,Overlap
2023-08-23 18:50:00,buy,144.867,144.84609,100.0,loss,-2090.51,116841.06,Overlap
2023-08-23 19:11:00,buy,144.878,144.866,100.0,loss,-1200.0,115641.06,Overlap
2023-08-23 19:12:00,buy,144.886,144.86519,100.0,loss,-2080.51,113560.55,Overlap
2023-08-23 20:01:00,buy,144.883,144.86534,100.0,loss,-1765.89,111794.66,Overlap
2023-08-23 20:02:00,buy,144.878,144.86074,100.0,loss,-1726.18,110068.47,Overlap
2023-08-23 20:23:00,buy,144.864,144.90959,100.0,win,4558.7,114627.18,Overlap
2023-08-23 20:24:00,buy,144.875,144.904,100.0,win,2900.0,117527.18,Overlap
2023-08-23 20:30:00,buy,144.892,144.892,100.0,loss,0.0,117527.18,Overlap
2023-08-23 20:31:00,buy,144.896,144.882,100.0,loss,-1400.0,116127.18,Overlap
2023-08-23 21:03:00,sell,144.807,144.802,100.0,win,500.0,116627.18,Overlap
2023-08-23 21:04:00,sell,144.799,144.803,100.0,loss,-400.0,116227.18,Overlap
2023-08-23 21:05:00,sell,144.795,144.81068,100.0,loss,-1567.95,114659.22,Overlap
2023-08-23 21:45:00,sell,144.758,144.76904,100.0,loss,-1104.26,113554.96,Overlap
2023-08-23 21:47:00,sell,144.782,144.80052,100.0,loss,-1852.35,111702.62,Overlap
2023-08-23 22:29:00,sell,144.786,144.79573,100.0,loss,-972.93,110729.69,Overlap
2023-08-23 22:34:00,sell,144.786,144.79693,100.0,loss,-1092.83,109636.85,Overlap
2023-08-23 23:09:00,sell,144.745,144.71609,100.0,win,2891.16,112528.01,Overlap
2023-08-23 23:19:00,sell,144.659,144.67356,100.0,loss,-1455.73,111072.28,Overlap
2023-08-23 23:21:00,sell,144.66,144.67461,100.0,loss,-1460.6,109611.68,Overlap
2023-08-24 00:52:00,buy,144.767,144.74366,100.0,loss,-2334.28,107277.4,Asia
2023-08-24 00:53:00,buy,144.771,144.7461,100.0,loss,-2489.69,104787.71,Asia
2023-08-24 01:10:00,buy,144.879,144.95633,100.0,win,7732.92,112520.62,Asia
2023-08-24 01:12:00,buy,144.909,144.98748,100.0,win,7848.08,120368.7,Asia
2023-08-24 01:13:00,buy,144.891,144.9689,100.0,win,7790.36,128159.06,Asia
2023-08-24 01:14:00,buy,144.9,144.97668,100.0,win,7668.19,135827.25,Asia
2023-08-24 01:15:00,buy,144.893,144.96832,100.0,win,7531.89,143359.14,Asia
2023-08-24 01:16:00,buy,144.893,144.96637,100.0,win,7336.76,150695.89,Asia
2023-08-24 01:17:00,buy,144.899,144.9701,100.0,win,7109.84,157805.74,Asia
2023-08-24 01:29:00,buy,144.994,144.9682,100.0,loss,-2580.03,155225.71,Asia
2023-08-24 01:30:00,buy,145.007,144.98029,100.0,loss,-2670.74,152554.96,Asia
2023-08-24 02:21:00,buy,145.039,145.02319,100.0,loss,-1580.72,150974.24,Asia
2023-08-24 03:03:00,buy,145.0,144.97987,100.0,loss,-2012.76,148961.48,Asia
2023-08-24 03:34:00,buy,145.033,145.0111,100.0,loss,-2189.75,146771.73,Asia
2023-08-24 03:35:00,buy,145.038,145.01617,100.0,loss,-2182.62,144589.11,Asia
2023-08-24 04:23:00,buy,145.002,145.04364,100.0,win,4164.38,148753.49,Asia
2023-08-24 04:29:00,buy,145.027,145.07487,100.0,win,4786.77,153540.26,Asia
2023-08-24 04:42:00,buy,145.19,145.16832,100.0,loss,-2167.57,151372.69,Asia
2023-08-24 04:43:00,buy,145.184,145.16246,100.0,loss,-2154.17,149218.52,Asia
2023-08-24 05:43:00,buy,145.166,145.14837,100.0,loss,-1762.85,147455.68,Asia
2023-08-24 05:46:00,buy,145.17,145.15171,100.0,loss,-1828.9,145626.77,Asia
2023-08-24 06:10:00,sell,145.063,145.08842,100.0,loss,-2542.33,143084.44,London
2023-08-24 06:14:00,sell,145.066,145.09295,100.0,loss,-2695.36,140389.09,London
2023-08-24 06:52:00,sell,144.962,144.98961,100.0,loss,-2760.53,137628.55,London
2023-08-24 06:53:00,sell,144.964,144.99081,100.0,loss,-2681.21,134947.34,London
2023-08-24 07:39:00,buy,145.189,145.28388,100.0,win,9487.65,144434.99,London
2023-08-24 07:50:00,buy,145.306,145.27104,100.0,loss,-3496.24,140938.76,London
2023-08-24 07:51:00,buy,145.315,145.28104,100.0,loss,-3395.79,137542.96,London
2023-08-24 08:51:00,buy,145.244,145.308,100.0,win,6400.0,143942.96,London
2023-08-24 08:52:00,buy,145.245,145.31086,100.0,win,6585.59,150528.55,London
2023-08-24 09:00:00,buy,145.286,145.34756,100.0,win,6155.72,156684.28,London
2023-08-24 09:06:00,buy,145.307,145.37026,100.0,win,6326.43,163010.7,London
2023-08-24 09:10:00,buy,145.346,145.377,100.0,win,3100.0,166110.7,London
2023-08-24 09:11:00,buy,145.336,145.372,100.0,win,3600.0,169710.7,London
2023-08-24 09:43:00,buy,145.424,145.40317,100.0,loss,-2082.82,167627.88,London
2023-08-24 09:44:00,buy,145.432,145.41172,100.0,loss,-2028.33,165599.55,London
2023-08-24 10:13:00,buy,145.427,145.434,100.0,win,700.0,166299.55,London
2023-08-24 10:15:00,buy,145.432,145.431,100.0,loss,-100.0,166199.55,London
2023-08-24 10:18:00,buy,145.463,145.44201,100.0,loss,-2099.06,164100.48,London
2023-08-24 10:53:00,buy,145.438,145.42152,100.0,loss,-1647.77,162452.72,London
2023-08-24 10:54:00,buy,145.44,145.4236,100.0,loss,-1640.07,160812.65,London
2023-08-24 11:14:00,buy,145.461,145.5101,100.0,win,4910.12,165722.77,London
2023-08-24 11:20:00,buy,145.482,145.53457,100.0,win,5256.53,170979.3,London
2023-08-24 11:25:00,buy,145.515,145.5706,100.0,win,5559.89,176539.19,London
2023-08-24 11:26:00,buy,145.505,145.55914,100.0,win,5414.19,181953.38,London
2023-08-24 11:29:00,buy,145.532,145.564,100.0,win,3200.0,185153.38,London
2023-08-24 11:32:00,buy,145.553,145.566,100.0,win,1300.0,186453.38,London
2023-08-24 11:34:00,buy,145.543,145.575,100.0,win,3200.0,189653.38,London
2023-08-24 11:35:00,buy,145.555,145.555,100.0,loss,0.0,189653.38,London
2023-08-24 12:01:00,buy,145.683,145.719,100.0,win,3600.0,193253.38,New York
2023-08-24 12:05:00,buy,145.719,145.69652,100.0,loss,-2248.1,191005.28,New York
2023-08-24 12:07:00,buy,145.723,145.70125,100.0,loss,-2174.69,188830.6,New York
2023-08-24 12:33:00,buy,145.739,145.87111,100.0,win,13210.95,202041.55,New York
2023-08-24 12:34:00,buy,145.733,145.86047,100.0,win,12747.31,214788.86,New York
2023-08-24 12:45:00,buy,145.893,145.909,100.0,win,1600.0,216388.86,New York
2023-08-24 12:46:00,buy,145.906,145.88,100.0,loss,-2600.0,213788.86,New York
2023-08-24 12:48:00,buy,145.921,145.8779,100.0,loss,-4310.03,209478.83,New York
2023-08-24 14:03:00,sell,145.675,145.71069,100.0,loss,-3569.13,205909.7,New York
2023-08-24 14:06:00,sell,145.674,145.70966,100.0,loss,-3565.75,202343.94,New York
2023-08-24 14:21:00,sell,145.483,145.5274,100.0,loss,-4440.12,197903.82,New York
2023-08-24 14:46:00,sell,145.465,145.50537,100.0,loss,-4037.44,193866.38,New York
2023-08-24 15:01:00,sell,145.57,145.60964,100.0,loss,-3963.6,189902.78,New York
2023-08-24 15:03:00,sell,145.58,145.61887,100.0,loss,-3886.78,186016.0,New York
2023-08-24 15:45:00,buy,145.74,145.71419,100.0,loss,-2581.21,183434.79,New York
2023-08-24 15:46:00,buy,145.744,145.71885,100.0,loss,-2514.69,180920.1,New York
2023-08-24 16:05:00,buy,145.788,145.85425,100.0,win,6624.98,187545.08,New York
2023-08-24 16:06:00,buy,145.788,145.85409,100.0,win,6608.91,194153.99,New York
2023-08-24 16:12:00,buy,145.832,145.847,100.0,win,1500.0,195653.99,New York
2023-08-24 16:15:00,buy,145.853,145.82987,100.0,loss,-2312.86,193341.13,New York
2023-08-24 16:16:00,buy,145.847,145.8245,100.0,loss,-2249.79,191091.34,New York
2023-08-24 17:01:00,buy,145.916,145.8986,100.0,loss,-1740.38,189350.96,New York
2023-08-24 17:03:00,buy,145.914,145.89605,100.0,loss,-1795.27,187555.69,New York
2023-08-24 17:41:00,buy,145.862,145.84432,100.0,loss,-1767.92,185787.76,New York
2023-08-24 17:43:00,buy,145.853,145.83477,100.0,loss,-1822.95,183964.81,New York
2023-08-24 18:29:00,buy,145.858,145.84132,100.0,loss,-1668.02,182296.79,Overlap
2023-08-24 18:30:00,buy,145.859,145.84328,100.0,loss,-1572.44,180724.35,Overlap
2023-08-24 18:46:00,sell,145.808,145.82203,100.0,loss,-1402.65,179321.7,Overlap
2023-08-24 18:47:00,sell,145.808,145.82212,100.0,loss,-1412.46,177909.24,Overlap
2023-08-24 19:03:00,buy,145.859,145.84618,100.0,loss,-1282.03,176627.21,Overlap
2023-08-24 19:05:00,buy,145.859,145.84719,100.0,loss,-1181.19,175446.03,Overlap
2023-08-24 19:22:00,sell,145.822,145.8344,100.0,loss,-1239.54,174206.48,Overlap
2023-08-24 19:40:00,buy,145.857,145.84403,100.0,loss,-1296.81,172909.68,Overlap
2023-08-24 20:32:00,sell,145.831,145.8032,100.0,win,2780.32,175690.0,Overlap
2023-08-24 20:35:00,sell,145.834,145.80567,100.0,win,2832.73,178522.73,Overlap
2023-08-24 20:37:00,sell,145.823,145.83264,100.0,loss,-964.2,177558.52,Overlap
2023-08-24 20:39:00,sell,145.813,145.8238,100.0,loss,-1080.0,176478.52,Overlap
2023-08-24 20:54:00,buy,145.843,145.83402,100.0,loss,-897.55,175580.97,Overlap
2023-08-24 20:58:00,buy,145.844,145.83621,100.0,loss,-779.28,174801.69,Overlap
2023-08-24 21:13:00,buy,145.845,145.83368,100.0,loss,-1132.1,173669.58,Overlap
2023-08-24 21:14:00,buy,145.845,145.83441,100.0,loss,-1059.1,172610.49,Overlap
2023-08-24 21:38:00,sell,145.798,145.81108,100.0,loss,-1308.35,171302.14,Overlap
2023-08-24 21:42:00,sell,145.796,145.81052,100.0,loss,-1451.6,169850.54,Overlap
2023-08-24 22:10:00,buy,145.927,145.935,100.0,win,800.0,170650.54,Overlap
2023-08-24 22:15:00,buy,145.943,145.936,100.0,loss,-700.0,169950.54,Overlap
2023-08-24 22:16:00,buy,145.94,145.934,100.0,loss,-600.0,169350.54,Overlap
2023-08-24 22:45:00,buy,145.946,145.947,100.0,win,100.0,169450.54,Overlap
2023-08-24 22:46:00,buy,145.946,145.945,100.0,loss,-100.0,169350.54,Overlap
2023-08-24 22:47:00,buy,145.946,145.96,100.0,win,1400.0,170750.54,Overlap
2023-08-24 22:48:00,buy,145.946,145.97081,100.0,win,2481.03,173231.57,Overlap
2023-08-24 23:02:00,buy,145.969,145.99294,100.0,win,2393.65,175625.21,Overlap
2023-08-24 23:09:00,buy,145.99,145.97916,100.0,loss,-1084.45,174540.76,Overlap
2023-08-24 23:36:00,buy,146.044,146.03001,100.0,loss,-1399.34,173141.42,Overlap
2023-08-25 00:22:00,buy,146.022,146.08463,100.0,win,6262.63,179404.05,Asia
2023-08-25 00:26:00,buy,146.055,146.03138,100.0,loss,-2362.34,177041.71,Asia
2023-08-25 00:55:00,buy,146.071,146.04223,100.0,loss,-2877.07,174164.64,Asia
2023-08-25 01:10:00,buy,146.12,146.09359,100.0,loss,-2641.25,171523.39,Asia
2023-08-25 02:19:00,buy,146.148,146.12843,100.0,loss,-1956.57,169566.82,Asia
2023-08-25 02:34:00,sell,146.008,146.029,100.0,loss,-2099.99,167466.83,Asia
2023-08-25 02:38:00,sell,146.009,146.02905,100.0,loss,-2005.32,165461.51,Asia
2023-08-25 03:12:00,sell,145.997,145.95264,100.0,win,4435.79,169897.3,Asia
2023-08-25 03:14:00,sell,145.985,145.94042,100.0,win,4458.21,174355.51,Asia
2023-08-25 03:15:00,sell,145.987,145.94469,100.0,win,4231.19,178586.7,Asia
2023-08-25 03:24:00,sell,145.935,145.95026,100.0,loss,-1525.9,177060.8,Asia
2023-08-25 04:22:00,buy,146.157,146.13745,100.0,loss,-1955.37,175105.43,Asia
2023-08-25 05:02:00,sell,146.036,146.05686,100.0,loss,-2086.19,173019.24,Asia
2023-08-25 05:03:00,sell,146.036,146.05584,100.0,loss,-1984.32,171034.92,Asia
2023-08-25 05:35:00,buy,146.09,146.122,100.0,win,3200.0,174234.92,Asia
2023-08-25 05:36:00,buy,146.091,146.113,100.0,win,2200.0,176434.92,Asia
2023-08-25 05:39:00,buy,146.098,146.0842,100.0,loss,-1380.43,175054.49,Asia
2023-08-25 05:40:00,buy,146.1,146.08671,100.0,loss,-1328.97,173725.52,Asia
2023-08-25 06:07:00,buy,146.165,146.1396,100.0,loss,-2539.73,171185.79,London
2023-08-25 06:08:00,buy,146.152,146.22541,100.0,win,7340.57,178526.36,London
2023-08-25 06:10:00,buy,146.154,146.22503,100.0,win,7103.25,185629.61,London
2023-08-25 06:11:00,buy,146.176,146.24882,100.0,win,7281.59,192911.2,London
2023-08-25 06:12:00,buy,146.176,146.25047,100.0,win,7447.19,200358.39,London
2023-08-25 06:13:00,buy,146.174,146.24704,100.0,win,7303.82,207662.21,London
2023-08-25 06:18:00,buy,146.213,146.18446,100.0,loss,-2854.23,204807.98,London
2023-08-25 06:30:00,sell,146.057,146.0881,100.0,loss,-3110.49,201697.49,London
2023-08-25 06:58:00,buy,146.1,146.0759,100.0,loss,-2409.54,199287.95,London
2023-08-25 07:05:00,sell,146.036,146.06458,100.0,loss,-2857.76,196430.18,London
2023-08-25 07:38:00,sell,145.944,145.97159,100.0,loss,-2758.82,193671.36,London
2023-08-25 08:06:00,sell,146.022,146.05504,100.0,loss,-3303.79,190367.57,London
2023-08-25 08:57:00,sell,146.002,146.02176,100.0,loss,-1976.41,188391.16,London
2023-08-25 09:13:00,buy,146.055,146.03685,100.0,loss,-1814.81,186576.35,London
2023-08-25 09:31:00,sell,146.035,146.05259,100.0,loss,-1759.01,184817.34,London
2023-08-25 09:32:00,sell,146.033,146.05036,100.0,loss,-1735.51,183081.82,London
2023-08-25 10:05:00,buy,146.106,146.118,100.0,win,1200.0,184281.82,London
2023-08-25 10:06:00,buy,146.105,146.105,100.0,loss,0.0,184281.82,London
2023-08-25 10:07:00,buy,146.116,146.09742,100.0,loss,-1858.19,182423.64,London
2023-08-25 11:01:00,sell,145.948,145.96862,100.0,loss,-2062.1,180361.54,London
2023-08-25 12:13:00,sell,145.905,145.92671,100.0,loss,-2171.3,178190.24,New York
2023-08-25 13:19:00,buy,146.05,146.099,100.0,win,4900.0,183090.24,New York
2023-08-25 13:20:00,buy,146.044,146.12098,100.0,win,7697.63,190787.87,New York
2023-08-25 13:21:00,buy,146.076,146.108,100.0,win,3200.0,193987.87,New York
2023-08-25 13:25:00,buy,146.094,146.15,100.0,win,5600.0,199587.87,New York
2023-08-25 13:26:00,buy,146.099,146.177,100.0,win,7800.0,207387.87,New York
2023-08-25 13:27:00,buy,146.083,146.16213,100.0,win,7913.09,215300.96,New York
2023-08-25 13:28:00,buy,146.094,146.17228,100.0,win,7827.87,223128.84,New York
2023-08-25 13:29:00,buy,146.103,146.18094,100.0,win,7794.45,230923.29,New York
2023-08-25 13:31:00,buy,146.099,146.17546,100.0,win,7646.44,238569.73,New York
2023-08-25 14:05:00,sell,145.95,146.03746,100.0,loss,-8746.26,229823.47,New York
2023-08-25 14:06:00,sell,145.93,146.02104,100.0,loss,-9103.67,220719.8,New York
2023-08-25 14:28:00,buy,146.341,146.446,100.0,win,10500.0,231219.8,New York
2023-08-25 14:31:00,buy,146.371,146.457,100.0,win,8600.0,239819.8,New York
2023-08-25 15:17:00,buy,146.458,146.40534,100.0,loss,-5265.59,234554.21,New York
2023-08-25 16:50:00,buy,146.332,146.347,100.0,win,1500.0,236054.21,New York
2023-08-25 16:56:00,buy,146.365,146.34097,100.0,loss,-2403.46,233650.75,New York
2023-08-25 16:57:00,buy,146.377,146.35327,100.0,loss,-2373.21,231277.54,New York
2023-08-25 17:52:00,sell,146.301,146.28,100.0,win,2100.0,233377.54,New York
2023-08-25 17:53:00,sell,146.298,146.291,100.0,win,700.0,234077.54,New York
2023-08-25 18:26:00,sell,146.212,146.22818,100.0,loss,-1618.02,232459.51,Overlap
2023-08-25 18:27:00,sell,146.21,146.22526,100.0,loss,-1526.02,230933.49,Overlap
2023-08-25 19:02:00,buy,146.347,146.32604,100.0,loss,-2095.76,228837.74,Overlap
2023-08-25 19:03:00,buy,146.33,146.317,100.0,loss,-1300.0,227537.74,Overlap
2023-08-25 19:24:00,buy,146.37,146.35293,100.0,loss,-1706.7,225831.04,Overlap
2023-08-25 19:54:00,buy,146.38,146.36589,100.0,loss,-1411.49,224419.55,Overlap
2023-08-25 20:12:00,buy,146.411,146.411,100.0,loss,0.0,224419.55,Overlap
2023-08-25 20:13:00,buy,146.416,146.419,100.0,win,300.0,224719.55,Overlap
2023-08-25 20:14:00,buy,146.413,146.423,100.0,win,1000.0,225719.55,Overlap
2023-08-25 20:15:00,buy,146.413,146.423,100.0,win,1000.0,226719.55,Overlap
2023-08-25 20:34:00,buy,146.442,146.436,100.0,loss,-600.0,226119.55,Overlap
2023-08-27 21:15:00,buy,146.409,146.39349,100.0,loss,-1551.46,224568.09,Overlap
2023-08-27 21:49:00,buy,146.425,146.41395,100.0,loss,-1105.31,223462.78,Overlap
2023-08-27 21:51:00,buy,146.433,146.42167,100.0,loss,-1132.64,222330.15,Overlap
2023-08-27 22:10:00,buy,146.43,146.444,100.0,win,1400.0,223730.15,Overlap
2023-08-27 22:12:00,buy,146.431,146.455,100.0,win,2400.0,226130.15,Overlap
2023-08-27 22:18:00,buy,146.433,146.46493,100.0,win,3193.09,229323.24,Overlap
2023-08-27 22:21:00,buy,146.441,146.4757,100.0,win,3469.8,232793.04,Overlap
2023-08-27 22:22:00,buy,146.444,146.43222,100.0,loss,-1178.26,231614.78,Overlap
2023-08-27 22:26:00,buy,146.465,146.45331,100.0,loss,-1168.65,230446.13,Overlap
2023-08-27 22:59:00,buy,146.542,146.57896,100.0,win,3695.88,234142.01,Overlap
2023-08-27 23:00:00,buy,146.54,146.57638,100.0,win,3637.6,237779.61,Overlap
2023-08-27 23:09:00,buy,146.586,146.5704,100.0,loss,-1559.67,236219.94,Overlap
2023-08-28 00:13:00,buy,146.535,146.50642,100.0,loss,-2858.39,233361.55,Asia
2023-08-28 00:28:00,sell,146.477,146.50091,100.0,loss,-2390.96,230970.59,Asia
2023-08-28 01:04:00,sell,146.469,146.447,100.0,win,2200.0,233170.59,Asia
2023-08-28 01:05:00,sell,146.467,146.429,100.0,win,3800.0,236970.59,Asia
2023-08-28 01:06:00,sell,146.464,146.429,100.0,win,3500.0,240470.59,Asia
2023-08-28 01:12:00,sell,146.436,146.46158,100.0,loss,-2558.03,237912.56,Asia
2023-08-28 01:17:00,sell,146.429,146.45322,100.0,loss,-2422.02,235490.54,Asia
2023-08-28 01:33:00,buy,146.529,146.50823,100.0,loss,-2076.55,233413.99,Asia
2023-08-28 01:35:00,buy,146.517,146.49484,100.0,loss,-2216.46,231197.53,Asia
2023-08-28 02:07:00,buy,146.524,146.50649,100.0,loss,-1751.36,229446.16,Asia
2023-08-28 02:37:00,sell,146.481,146.49773,100.0,loss,-1672.54,227773.62,Asia
2023-08-28 03:26:00,sell,146.469,146.48293,100.0,loss,-1392.58,226381.04,Asia
2023-08-28 03:27:00,sell,146.472,146.48525,100.0,loss,-1324.54,225056.51,Asia
2023-08-28 04:06:00,buy,146.489,146.47971,100.0,loss,-929.19,224127.32,Asia
2023-08-28 04:10:00,sell,146.478,146.477,100.0,win,100.0,224227.32,Asia
2023-08-28 04:11:00,sell,146.479,146.45558,100.0,win,2341.55,226568.87,Asia
2023-08-28 04:12:00,sell,146.479,146.45657,100.0,win,2242.87,228811.74,Asia
2023-08-28 04:13:00,sell,146.478,146.45672,100.0,win,2128.38,230940.11,Asia
2023-08-28 04:14:00,sell,146.476,146.45532,100.0,win,2067.78,233007.89,Asia
2023-08-28 04:35:00,buy,146.492,146.48067,100.0,loss,-1132.71,231875.19,Asia
2023-08-28 04:41:00,buy,146.492,146.4809,100.0,loss,-1109.75,230765.44,Asia
2023-08-28 04:59:00,sell,146.467,146.43178,100.0,win,3522.44,234287.88,Asia
2023-08-28 05:00:00,sell,146.466,146.47787,100.0,loss,-1187.21,233100.67,Asia
2023-08-28 05:02:00,sell,146.468,146.43295,100.0,win,3505.28,236605.95,Asia
2023-08-28 05:09:00,sell,146.44,146.39976,100.0,win,4024.11,240630.05,Asia
2023-08-28 05:13:00,sell,146.419,146.37446,100.0,win,4453.57,245083.62,Asia
2023-08-28 05:19:00,sell,146.398,146.34932,100.0,win,4867.89,249951.52,Asia
2023-08-28 05:20:00,sell,146.395,146.3466,100.0,win,4840.19,254791.7,Asia
2023-08-28 05:24:00,sell,146.375,146.32491,100.0,win,5008.72,259800.42,Asia
2023-08-28 05:25:00,sell,146.365,146.31415,100.0,win,5085.24,264885.66,Asia
2023-08-28 05:32:00,sell,146.323,146.333,100.0,loss,-1000.0,263885.66,Asia
2023-08-28 05:36:00,sell,146.303,146.322,100.0,loss,-1899.93,261985.74,Asia
2023-08-28 06:37:00,sell,146.302,146.32114,100.0,loss,-1914.34,260071.39,London
2023-08-28 06:38:00,sell,146.301,146.31956,100.0,loss,-1856.18,258215.21,London
2023-08-28 07:13:00,buy,146.398,146.37841,100.0,loss,-1959.17,256256.05,London
2023-08-28 07:33:00,buy,146.451,146.488,100.0,win,3700.0,259956.05,London
2023-08-28 07:52:00,buy,146.505,146.513,100.0,win,800.0,260756.05,London
2023-08-28 07:55:00,buy,146.514,146.49361,100.0,loss,-2038.99,258717.06,London
2023-08-28 08:21:00,buy,146.585,146.56649,100.0,loss,-1851.34,256865.72,London
2023-08-28 08:51:00,buy,146.517,146.49913,100.0,loss,-1786.76,255078.96,London
2023-08-28 09:07:00,buy,146.58,146.56326,100.0,loss,-1674.41,253404.55,London
2023-08-28 09:39:00,buy,146.575,146.55838,100.0,loss,-1662.28,251742.27,London
2023-08-28 09:41:00,buy,146.575,146.55841,100.0,loss,-1659.46,250082.81,London
2023-08-28 10:09:00,buy,146.574,146.55594,100.0,loss,-1805.91,248276.9,London
2023-08-28 10:26:00,sell,146.515,146.504,100.0,win,1100.0,249376.9,London
2023-08-28 10:28:00,sell,146.515,146.53132,100.0,loss,-1631.75,247745.15,London
2023-08-28 10:50:00,buy,146.56,146.54536,100.0,loss,-1463.76,246281.4,London
2023-08-28 12:01:00,sell,146.515,146.53081,100.0,loss,-1580.72,244700.68,New York
2023-08-28 12:04:00,sell,146.515,146.53167,100.0,loss,-1666.77,243033.91,New York
2023-08-28 12:19:00,buy,146.553,146.53403,100.0,loss,-1897.05,241136.86,New York
2023-08-28 12:20:00,buy,146.552,146.53305,100.0,loss,-1895.12,239241.74,New York
2023-08-28 12:37:00,sell,146.49,146.51642,100.0,loss,-2642.09,236599.65,New York
2023-08-28 12:38:00,sell,146.498,146.41771,100.0,win,8028.51,244628.16,New York
2023-08-28 12:44:00,sell,146.457,146.461,100.0,loss,-400.0,244228.16,New York
2023-08-28 12:48:00,sell,146.43,146.45723,100.0,loss,-2722.57,241505.59,New York
2023-08-28 13:16:00,sell,146.45,146.47426,100.0,loss,-2426.5,239079.09,New York
2023-08-28 13:18:00,sell,146.457,146.48022,100.0,loss,-2321.77,236757.32,New York
2023-08-28 13:36:00,buy,146.605,146.57188,100.0,loss,-3311.89,233445.43,New York
2023-08-28 13:37:00,buy,146.572,146.537,100.0,loss,-3499.61,229945.81,New York
2023-08-28 14:22:00,buy,146.635,146.60515,100.0,loss,-2984.54,226961.27,New York
2023-08-28 14:23:00,buy,146.615,146.58524,100.0,loss,-2975.64,223985.63,New York
2023-08-28 14:55:00,buy,146.662,146.63565,100.0,loss,-2635.18,221350.45,New York
2023-08-28 14:56:00,buy,146.659,146.63115,100.0,loss,-2784.81,218565.64,New York
2023-08-28 15:38:00,sell,146.516,146.54013,100.0,loss,-2413.37,216152.28,New York
2023-08-28 15:39:00,sell,146.543,146.47141,100.0,win,7159.23,223311.5,New York
2023-08-28 15:40:00,sell,146.518,146.44489,100.0,win,7310.71,230622.21,New York
2023-08-28 15:41:00,sell,146.515,146.4446,100.0,win,7039.95,237662.16,New York
2023-08-28 15:50:00,sell,146.395,146.42256,100.0,loss,-2756.05,234906.11,New York
2023-08-28 15:51:00,sell,146.418,146.44563,100.0,loss,-2763.47,232142.64,New York
2023-08-28 16:49:00,sell,146.437,146.4516,100.0,loss,-1460.47,230682.17,New York
2023-08-28 16:52:00,sell,146.428,146.4432,100.0,loss,-1520.34,229161.83,New York
2023-08-28 17:10:00,buy,146.539,146.553,100.0,win,1400.0,230561.83,New York
2023-08-28 17:11:00,buy,146.536,146.531,100.0,loss,-500.0,230061.83,New York
2023-08-28 17:59:00,sell,146.474,146.43038,100.0,win,4362.04,234423.87,New York
2023-08-28 18:05:00,sell,146.434,146.44896,100.0,loss,-1496.13,232927.74,Overlap
2023-08-28 18:06:00,sell,146.447,146.46199,100.0,loss,-1499.27,231428.47,Overlap
2023-08-28 18:32:00,buy,146.51,146.49844,100.0,loss,-1156.03,230272.44,Overlap
2023-08-28 18:33:00,buy,146.512,146.50064,100.0,loss,-1136.31,229136.13,Overlap
2023-08-28 19:29:00,sell,146.467,146.47643,100.0,loss,-942.93,228193.2,Overlap
2023-08-28 19:46:00,buy,146.504,146.49448,100.0,loss,-952.06,227241.14,Overlap
2023-08-28 20:05:00,buy,146.523,146.51229,100.0,loss,-1071.17,226169.97,Overlap
2023-08-28 20:43:00,buy,146.524,146.531,100.0,win,700.0,226869.97,Overlap
2023-08-28 20:44:00,buy,146.524,146.531,100.0,win,700.0,227569.97,Overlap
2023-08-28 20:46:00,buy,146.525,146.542,100.0,win,1700.0,229269.97,Overlap
2023-08-28 20:47:00,buy,146.526,146.543,100.0,win,1699.78,230969.76,Overlap
2023-08-28 21:11:00,buy,146.524,146.51355,100.0,loss,-1045.39,229924.37,Overlap
2023-08-28 21:12:00,buy,146.524,146.51429,100.0,loss,-970.72,228953.65,Overlap
2023-08-28 21:48:00,buy,146.532,146.52138,100.0,loss,-1061.67,227891.98,Overlap
2023-08-28 21:52:00,buy,146.532,146.51987,100.0,loss,-1212.61,226679.37,Overlap
2023-08-28 22:13:00,sell,146.441,146.45316,100.0,loss,-1215.58,225463.79,Overlap
2023-08-28 22:14:00,sell,146.441,146.45284,100.0,loss,-1183.75,224280.04,Overlap
2023-08-28 22:55:00,sell,146.425,146.43032,100.0,loss,-531.99,223748.06,Overlap
2023-08-28 22:56:00,sell,146.425,146.4301,100.0,loss,-509.7,223238.36,Overlap
2023-08-28 23:18:00,sell,146.395,146.40535,100.0,loss,-1035.15,222203.21,Overlap
2023-08-28 23:21:00,sell,146.395,146.40615,100.0,loss,-1115.14,221088.07,Overlap
2023-08-29 00:13:00,sell,146.341,146.3614,100.0,loss,-2040.01,219048.06,Asia
2023-08-29 00:14:00,sell,146.35,146.3702,100.0,loss,-2020.01,217028.05,Asia
